"Path","Platform","Compiled","Cooked","Permutations","Compiletime","CompiledDouble","CookedDouble"
"/ControlRig/Controls/ControlRigGizmoMaterial.ControlRigGizmoMaterial","21","0","2","1","0.000000","0","0"
"/Engine/VREditor/TransformGizmo/Main.Main","21","0","2","1","0.000000","0","0"
"/OculusXR/Materials/PokeAHoleMaterial.PokeAHoleMaterial","21","0","2","1","0.000000","0","0"
"/Engine/EditorLandscapeResources/SplineEditorMeshMat.SplineEditorMeshMat","21","0","8","1","0.000000","0","0"
"/MeshModelingToolset/Materials/M_DynamicMeshComponentVtxColor.M_DynamicMeshComponentVtxColor","21","0","23","1","0.000000","0","0"
"/Engine/EditorMaterials/PhAT_NoCollisionMaterial.PhAT_NoCollisionMaterial","21","0","2","1","0.000000","0","0"
"/Engine/EditorMaterials/PhAT_UnselectedMaterial.PhAT_UnselectedMaterial","21","0","2","1","0.000000","0","0"
"/Engine/EngineMaterials/GizmoMaterial.GizmoMaterial","21","0","4","1","0.000000","0","0"
"/Engine/EngineDebugMaterials/DebugMeshMaterial.DebugMeshMaterial","21","0","2","1","0.000000","0","0"
"/Engine/EngineMaterials/RemoveSurfaceMaterial.RemoveSurfaceMaterial","21","0","2","1","0.000000","0","0"
"/Engine/EngineMaterials/NaniteHiddenSectionMaterial.NaniteHiddenSectionMaterial","21","0","26","1","0.000000","0","0"
"/OculusXR/Materials/OculusMR_OpaqueColoredMaterial.OculusMR_OpaqueColoredMaterial","21","0","2","1","0.000000","0","0"
"/ControlRig/Controls/ControlRigXRayMaterial.ControlRigXRayMaterial","21","0","4","1","0.000000","0","0"
"/OculusXR/Materials/PokeAHoleInverseMaterial.PokeAHoleInverseMaterial","21","0","2","1","0.000000","0","0"
"/Engine/EngineDebugMaterials/M_SimpleUnlitTranslucent.M_SimpleUnlitTranslucent","21","0","2","1","0.000000","0","0"
"/Engine/EditorMaterials/Camera/CineMat.CineMat","21","0","42","1","0.000000","0","0"
"/Engine/VREditor/TransformGizmo/Xray.Xray","21","0","21","1","0.000000","0","0"
"/Engine/VREditor/TransformGizmo/TranslucentTransformGizmoMaterial.TranslucentTransformGizmoMaterial","21","0","2","1","0.000000","0","0"
"/Engine/EngineMaterials/DefaultLightFunctionMaterial.DefaultLightFunctionMaterial","21","0","6","1","0.000000","0","0"
"/Engine/EngineDebugMaterials/DebugEditorMaterial.DebugEditorMaterial","21","0","4","1","0.000000","0","0"
"/Engine/VREditor/Devices/Generic/GenericHMDMaterial.GenericHMDMaterial","21","0","21","1","0.000000","0","0"
"/Game/VRTemplate/Materials/M_VRCursor.M_VRCursor","21","0","2","1","0.000000","0","0"
"/Game/VRTemplate/Materials/DefaultRibbonMaterial_NoGradient.DefaultRibbonMaterial_NoGradient","21","0","10","1","0.000000","0","0"
"/ControlRig/M_Manip.M_Manip","21","0","4","1","0.000000","0","0"
"/Engine/EngineDebugMaterials/M_VolumeRenderSphereTracePP.M_VolumeRenderSphereTracePP","21","0","2","1","0.000000","0","0"
"/OculusXR/Materials/LeftMetaQuestTouchPlusMaterial.LeftMetaQuestTouchPlusMaterial","21","0","21","1","0.000000","0","0"
"/OculusXR/Materials/RightMetaQuestTouchProMaterial.RightMetaQuestTouchProMaterial","21","0","21","1","0.000000","0","0"
"/Engine/EngineMaterials/FlattenMaterial_WS_Normal_VT.FlattenMaterial_WS_Normal_VT","21","0","84","1","0.000000","0","0"
"/Engine/EngineMaterials/FlattenMaterial_VT.FlattenMaterial_VT","21","0","84","1","0.000000","0","0"
"/Engine/EngineMaterials/M_InvalidLightmapSettings.M_InvalidLightmapSettings","21","0","42","1","0.000000","0","0"
"/Engine/EngineMaterials/EmissiveMeshMaterial.EmissiveMeshMaterial","21","0","2","1","0.000000","0","0"
"/OculusXR/Materials/RightMetaQuestTouchPlusMaterial.RightMetaQuestTouchPlusMaterial","21","0","21","1","0.000000","0","0"
"/OculusXR/Materials/LeftMetaQuestTouchProMaterial.LeftMetaQuestTouchProMaterial","21","0","21","1","0.000000","0","0"
"/OculusXR/Materials/TouchForQuest2Material.TouchForQuest2Material","21","0","21","1","0.000000","0","0"
"/OculusXR/Materials/TouchForQuestRiftSControllerMaterial.TouchForQuestRiftSControllerMaterial","21","0","21","1","0.000000","0","0"
"/Engine/EngineMaterials/FlattenMaterial.FlattenMaterial","21","0","84","1","0.000000","0","0"
"/Paper2D/DefaultSpriteMaterial.DefaultSpriteMaterial","21","0","24","2","0.000000","0","0"
"/Engine/EngineMaterials/PhAT_JointLimitMaterial.PhAT_JointLimitMaterial","21","0","4","1","0.000000","0","0"
"/Engine/EngineMaterials/WorldGridMaterial.WorldGridMaterial","21","0","864","1","0.000000","0","0"
"/Engine/EngineMaterials/DefaultTextMaterialOpaque.DefaultTextMaterialOpaque","21","0","27","1","0.000000","0","0"
"/Engine/VREditor/TransformGizmo/TransformGizmoMaterial.TransformGizmoMaterial","21","0","2","1","0.000000","0","0"
"/OpenXR/Devices/M_XRController.M_XRController","21","0","63","3","0.000000","0","21"
"/Engine/EngineMaterials/Widget3DPassThrough.Widget3DPassThrough","21","0","26","6","0.000000","0","2"
"/Engine/EngineMaterials/DefaultPostProcessMaterial.DefaultPostProcessMaterial","21","0","4","1","0.000000","0","0"
"/Engine/EngineMaterials/DefaultDeferredDecalMaterial.DefaultDeferredDecalMaterial","21","0","105","1","0.000000","0","0"
"/Engine/EngineMaterials/DefaultMaterial.DefaultMaterial","21","0","294","1","0.000000","0","0"
"/Engine/EditorMaterials/PreviewShadowIndicatorMaterial.PreviewShadowIndicatorMaterial","21","0","6","1","0.000000","0","0"
"/Engine/VREditor/SnapGrid/SnapGridMaterial.SnapGridMaterial","21","0","4","1","0.000000","0","0"
"/Engine/EngineSky/VolumetricClouds/m_SimpleVolumetricCloud.m_SimpleVolumetricCloud","21","0","14","1","0.000000","0","0"
"/Game/VRTemplate/Materials/M_TeleportCylinder.M_TeleportCylinder","21","0","6","1","0.000000","0","0"
"/Game/VRTemplate/Materials/M_TeleportNoise.M_TeleportNoise","21","0","6","1","0.000000","0","0"
"/Game/Characters/MannequinsXR/Materials/M_Mannequin.M_Mannequin","21","0","84","2","0.000000","0","42"
"/Interchange/gltf/M_Unlit.M_Unlit","21","0","26","6","0.000000","0","0"
"/SpeedTreeImporter/SpeedTree9/SpeedTreeBillboardMaster.SpeedTreeBillboardMaster","21","0","54","1","0.000000","0","0"
"/SpeedTreeImporter/SpeedTree9/SpeedTreeMaster.SpeedTreeMaster","21","0","138","1","0.000000","0","0"
"/Interchange/gltf/M_SpecularGlossiness.M_SpecularGlossiness","21","0","126","6","0.000000","0","0"
"/Interchange/gltf/M_Transmission.M_Transmission","21","0","32","2","0.000000","0","0"
"/Interchange/gltf/M_Sheen.M_Sheen","21","0","126","6","0.000000","0","0"
"/Interchange/gltf/M_ClearCoat.M_ClearCoat","21","0","126","6","0.000000","0","0"
"/Interchange/gltf/M_Default.M_Default","21","0","126","6","0.000000","0","0"
"/Game/Enemies/Assets/Pirate/Materials/M_Pirate_Cloth.M_Pirate_Cloth","21","0","81","1","0.000000","0","0"
"/Game/Enemies/Assets/Pirate/Materials/M_Pirate_Body_1.M_Pirate_Body_1","21","0","46","1","0.000000","0","0"
"/Game/Enemies/Assets/Pirate/Materials/M_Pirate_Hair_1.M_Pirate_Hair_1","21","0","54","1","0.000000","0","0"
"/Game/Enemies/Assets/Pirate/Materials/M_Pirate_Details_Weapon.M_Pirate_Details_Weapon","21","0","46","1","0.000000","0","0"
"/Engine/EngineSky/M_Sky_Panning_Clouds2.M_Sky_Panning_Clouds2","21","0","2","1","0.000000","0","0"
"/Engine/EngineSky/M_SimpleSkyDome.M_SimpleSkyDome","21","0","2","1","0.000000","0","0"
"/Game/LevelPrototyping/Materials/M_Solid.M_Solid","21","0","42","1","0.000000","0","0"
"/Game/LevelPrototyping/Materials/M_PrototypeGrid.M_PrototypeGrid","21","0","189","3","0.000000","0","0"
